,h,omega,nu,Ub,Re,Ro,Ek
0,0.02,523.5987755982989,0.003,0.5,3.3333333333333335,41.88790204786391,0.01432394487827058
