,Unnamed: 0.1,Unnamed: 0,num a,num_b,num_c,results
0,0.0,0.0,2.5,0.0999999999999999,0.06,0.015
1,1.0,,0.02,0.1099999999999999,0.07,0.000154
2,,,0.02,0.10999999999999999,0.07,0.000154
