{
    "num a": 1.06,
    "num_b": -0.08499999999999999,
    "num_c": 0.025,
    "results": -0.0022525
}